{
  "project_info": {
    "project_number": "93292244364",
    "project_id": "orchard-oasis",
    "storage_bucket": "orchard-oasis.appspot.com"
  },
  "client": [
    {
      "client_info": {
        "mobilesdk_app_id": "1:93292244364:android:7ea3282c1fca39223dfaa9",
        "android_client_info": {
          "package_name": "com.example.orchardoasis"
        }
      },
      "oauth_client": [],
      "api_key": [
        {
          "current_key": "AIzaSyCk6TDJfua5uJhcosYnvP1XTOmAxSVJjt4"
        }
      ],
      "services": {
        "appinvite_service": {
          "other_platform_oauth_client": []
        }
      }
    }
  ],
  "configuration_version": "1"
}