{
  "project_info": {
    "project_number": "596174085187",
    "project_id": "orchard-oasis-1bafc",
    "storage_bucket": "orchard-oasis-1bafc.appspot.com"
  },
  "client": [
    {
      "client_info": {
        "mobilesdk_app_id": "1:596174085187:android:71871726d0623f4d4188f6",
        "android_client_info": {
          "package_name": "com.example.orchardoasis"
        }
      },
      "oauth_client": [],
      "api_key": [
        {
          "current_key": "AIzaSyDAeJhgOBCj5Ss0SXSrIuUa34P05SfTTOo"
        }
      ],
      "services": {
        "appinvite_service": {
          "other_platform_oauth_client": []
        }
      }
    }
  ],
  "configuration_version": "1"
}